ticker,group,target,feature,slope_per_sd,t,p,r2,n
AAPL,Single stocks,excess variance,rr25_30d,0.26529824336740004,2.60416164044647,0.009209930944583958,0.2550268632414747,133
AAPL,Single stocks,excess variance,bf25_30d,-0.21687622835260564,-3.142639340973032,0.0016743200032304192,0.1704280536842645,133
AAPL,Single stocks,excess variance,atm_skew_30d,0.2607426924246562,2.673890772193762,0.0074976867478232885,0.24634370671896755,133
AAPL,Single stocks,excess variance,ts_7_30,0.023119174822116048,0.33233340396632555,0.7396375191723157,0.0019366977077954761,133
AAPL,Single stocks,excess variance,ts_30_91,0.05789801925302356,0.44283101974049716,0.6578879645785165,0.012146316491859599,133
AAPL,Single stocks,excess variance,ts_30_365,0.10397068380915286,0.8530359305155696,0.39363937919268577,0.03916868407671292,133
AAPL,Single stocks,excess variance,vrp_30d,-0.023131368450876277,-0.2399911640036317,0.8103371065696785,0.001938741171779057,133
AAPL,Single stocks,excess variance,atm_30d_pct252,-0.0980478093645169,-0.8496132266889707,0.3955401558605905,0.04016862366102114,114
AAPL,Single stocks,excess variance,atm_30d_d5,0.038313186089203574,0.6125046636321816,0.5402039133972655,0.005436951478468233,124
AAPL,Single stocks,excess variance,rr25_30d_d5,-0.029972147419264464,-0.3219450009623734,0.747494360753789,0.0033273205265867967,124
AAPL,Single stocks,excess variance,mkt_vvix,-0.2619796186122773,-3.1617822044002653,0.001568067967301537,0.2486864893845686,133
AAPL,Single stocks,excess variance,mkt_skew,0.0273756446990077,0.299623230483333,0.7644645624636971,0.0027154755186491464,133
AAPL,Single stocks,excess variance,mkt_move,-0.14120329847101362,-1.8444896774553663,0.06511180881831122,0.072244845085493,133
AAPL,Single stocks,excess variance,macro_hy_oas,-0.28789299767364945,-2.822352152661405,0.004767279753655178,0.3003166315318956,133
AAPL,Single stocks,excess variance,macro_nfci,-0.06407209740941881,-0.8318917455393201,0.40547005149682375,0.014874934509336968,133
AAPL,Single stocks,excess variance,earn_days_to,-0.08675667131522362,-0.8212951675137151,0.41147815964779144,0.02727237385987935,133
AAPL,Single stocks,excess variance,earn_implied_move,-0.10940404674402819,-1.1959072115330676,0.23173277063351433,0.043324751391531136,131
AAPL,Single stocks,forward return,rr25_30d,-0.0015663210436440878,-0.11701117516088465,0.906851197819859,0.0004760558781286006,133
AAPL,Single stocks,forward return,bf25_30d,0.007268475448208706,0.5144282722764916,0.6069525968840117,0.010251396281926284,133
AAPL,Single stocks,forward return,atm_skew_30d,-0.0015550671403622113,-0.11529012271902292,0.9082151670866396,0.00046923959962241746,133
AAPL,Single stocks,forward return,ts_7_30,0.004562071751006792,0.35941266273355066,0.7192864032427408,0.00403850466998823,133
AAPL,Single stocks,forward return,ts_30_91,-0.003682076411014508,-0.18533085095072038,0.8529695415943671,0.00263076442330179,133
AAPL,Single stocks,forward return,ts_30_365,0.004135609558252627,0.23118550872842872,0.8171706874535627,0.0033187567925577754,133
AAPL,Single stocks,forward return,vrp_30d,0.018079251086999763,1.284408215581695,0.19899915985744843,0.06342452730884607,133
AAPL,Single stocks,forward return,atm_30d_pct252,-0.00046811087263952714,-0.022298835094159794,0.9822095781124687,4.368757483030894e-05,114
AAPL,Single stocks,forward return,atm_30d_d5,-0.00037248325844053867,-0.03565975575027499,0.971553660386353,2.932488943352407e-05,124
AAPL,Single stocks,forward return,rr25_30d_d5,0.012790110519164882,1.1510140592573703,0.24972645162446905,0.034575738279395085,124
AAPL,Single stocks,forward return,mkt_vvix,-0.0029999188612156984,-0.25732442522761273,0.7969283385425848,0.0017462860453102413,133
AAPL,Single stocks,forward return,mkt_skew,-0.010816882798566569,-1.2471789259955357,0.2123318982807894,0.022703907816229885,133
AAPL,Single stocks,forward return,mkt_move,0.006443579768068348,0.7547264809055875,0.45041311419399505,0.00805658113250507,133
AAPL,Single stocks,forward return,macro_hy_oas,0.008707028147932616,0.8187059166754963,0.4129542201168593,0.014710799061579571,133
AAPL,Single stocks,forward return,macro_nfci,0.027724621951468548,1.8487695996646978,0.06449108882189857,0.14915150237501762,133
AAPL,Single stocks,forward return,earn_days_to,-0.007422061348597693,-0.3418836416701325,0.7324384607305371,0.010689205982403527,133
AAPL,Single stocks,forward return,earn_implied_move,-0.00343575123472824,-0.1761276734682743,0.8601936404717835,0.0022791248422371346,131
AAPL,Single stocks,implied-vol change,rr25_30d,0.006980791655844256,0.8138084152218024,0.4157547134750427,0.03081199476817531,129
AAPL,Single stocks,implied-vol change,bf25_30d,0.008322580113745802,1.4137216497308907,0.15744364609839565,0.04379519165059775,129
AAPL,Single stocks,implied-vol change,atm_skew_30d,0.00422178760339634,0.5151394145974906,0.6064556018624396,0.01126946302634324,129
AAPL,Single stocks,implied-vol change,ts_7_30,-0.001075448106220034,-0.1549643525787687,0.8768494202882546,0.0007312895722237922,129
AAPL,Single stocks,implied-vol change,ts_30_91,0.032720291680854816,9.415074434354532,4.727473200440947e-21,0.6769316114937265,129
AAPL,Single stocks,implied-vol change,ts_30_365,0.03026297348614972,6.481109881387708,9.105032898909184e-11,0.5790734549607214,129
AAPL,Single stocks,implied-vol change,vrp_30d,-0.0024342793383825743,-0.24984731478396457,0.8027054278971952,0.003746720427936112,129
AAPL,Single stocks,implied-vol change,atm_30d_pct252,-0.030316611671025617,-7.1526768100330615,8.510180845142371e-13,0.548688095050752,111
AAPL,Single stocks,implied-vol change,atm_30d_d5,-0.003644542509015299,-1.6671030596219545,0.09549391386941435,0.008305034229137864,120
AAPL,Single stocks,implied-vol change,rr25_30d_d5,-0.006405236012259607,-1.2467125100413858,0.21250293011121235,0.025652261589365177,120
AAPL,Single stocks,implied-vol change,mkt_vvix,-0.004533124728485091,-0.6534452974562984,0.513469244358421,0.012992891146401231,129
AAPL,Single stocks,implied-vol change,mkt_skew,-0.003198379703659235,-0.6675219221712168,0.504438811576595,0.006468007339470949,129
AAPL,Single stocks,implied-vol change,mkt_move,-0.005434626917474454,-1.1868958256881552,0.23526871407259595,0.01867454088185838,129
AAPL,Single stocks,implied-vol change,macro_hy_oas,-0.005502516754754952,-0.6620498087052575,0.5079393008232409,0.01914402309940688,129
AAPL,Single stocks,implied-vol change,macro_nfci,-0.007337055057439427,-0.926698345121728,0.3540831770006277,0.03403721504229773,129
AAPL,Single stocks,implied-vol change,earn_days_to,0.020978250422294974,4.305510682493249,1.666009503005821e-05,0.27825885462788513,129
AAPL,Single stocks,implied-vol change,earn_implied_move,0.014391303495879316,2.4304570586235714,0.015079792864622542,0.12932275539787663,127
GLD,Commodities,excess variance,rr25_30d,0.22823433311668173,2.5204755694146357,0.011719637348214205,0.25836792622485205,130
GLD,Commodities,excess variance,bf25_30d,-0.1507533633441969,-1.9197862696327634,0.054884901897629075,0.11272251462343696,130
GLD,Commodities,excess variance,atm_skew_30d,0.1811663956508589,2.1477160976621787,0.03173631576416154,0.1627915792325303,130
GLD,Commodities,excess variance,ts_7_30,0.13471740921673112,2.9491660146093692,0.0031863276289552283,0.08964014151319233,129
GLD,Commodities,excess variance,ts_30_91,0.26992293780441484,4.327577215910244,1.5075850052991663e-05,0.3613734420542397,130
GLD,Commodities,excess variance,ts_30_365,0.24072095992150588,3.1684634900466278,0.00153246995466012,0.28741171182539016,130
GLD,Commodities,excess variance,vrp_30d,0.000501462300341911,0.006305648198452951,0.9949688539973551,1.2472491749404568e-06,130
GLD,Commodities,excess variance,atm_30d_pct252,-0.25977486735605904,-3.3948054387147937,0.0006867738659266788,0.3270616484930675,111
GLD,Commodities,excess variance,atm_30d_d5,-0.06397563794216433,-0.8559773506941725,0.392010307613323,0.020330532921780775,122
GLD,Commodities,excess variance,rr25_30d_d5,0.02280758189415574,0.44733514114036094,0.6546330978229038,0.0025839136629319803,122
GLD,Commodities,excess variance,mkt_vvix,-0.10332940284718162,-0.9477656174250202,0.34324878774340495,0.05295713570125471,130
GLD,Commodities,excess variance,mkt_skew,-0.05938843962516493,-0.9822985536306352,0.325952786893577,0.01749365179193174,130
GLD,Commodities,excess variance,mkt_move,-0.12042913690499552,-1.5736993715607326,0.11555696720259684,0.07193492512830113,130
GLD,Commodities,excess variance,macro_hy_oas,-0.1392232689959551,-1.319813821408535,0.18689718583191361,0.09613915529601635,130
GLD,Commodities,excess variance,macro_nfci,-0.23264694658699536,-2.6607767048774393,0.00779606399038841,0.2684549165141661,130
GLD,Commodities,forward return,rr25_30d,-0.030534758135378422,-2.9498962981804815,0.0031788060603338717,0.20262543587215398,130
GLD,Commodities,forward return,bf25_30d,-0.026729676894235666,-1.4911440949960537,0.1359236675160493,0.1552717370674328,130
GLD,Commodities,forward return,atm_skew_30d,-0.030934061260104333,-2.600491313105124,0.009309037587574263,0.2079595533230041,130
GLD,Commodities,forward return,ts_7_30,-0.007701184909019825,-0.6445334974387964,0.51922954320362,0.012800871244972645,129
GLD,Commodities,forward return,ts_30_91,-0.006562026184191128,-0.4609533771260126,0.6448320550484457,0.009357954116521405,130
GLD,Commodities,forward return,ts_30_365,-0.005236414628241879,-0.3544580306831416,0.7229956515397837,0.005958995374037546,130
GLD,Commodities,forward return,vrp_30d,0.02147461884307582,1.695083548254383,0.09005957268075863,0.10022035155723386,130
GLD,Commodities,forward return,atm_30d_pct252,0.009839553504750005,0.7271148649633845,0.46715559330545126,0.02234853061357034,111
GLD,Commodities,forward return,atm_30d_d5,0.012582201645721746,2.5806540352502196,0.00986133520441025,0.037469096228150756,122
GLD,Commodities,forward return,rr25_30d_d5,-0.002928976005348546,-0.3172331518914433,0.7510666964658541,0.0020304465596413523,122
GLD,Commodities,forward return,mkt_vvix,0.00469698050529776,0.4109090274513881,0.6811392426854175,0.004794491011442137,130
GLD,Commodities,forward return,mkt_skew,-0.0020340397401369657,-0.14723179574468934,0.8829490646885965,0.0008991328414853506,130
GLD,Commodities,forward return,mkt_move,0.018228618457863527,3.33452111184573,0.0008544641389016869,0.07221252038124171,130
GLD,Commodities,forward return,macro_hy_oas,-0.0012045879083199937,-0.0915527669579,0.9270533802733567,0.00031534212671480155,130
GLD,Commodities,forward return,macro_nfci,-0.0014728504297799945,-0.10240951550798845,0.9184316311012547,0.00047143550264772127,130
GLD,Commodities,implied-vol change,rr25_30d,0.024269428534544304,1.6562392528896288,0.09767337699338088,0.24652914859531583,127
GLD,Commodities,implied-vol change,bf25_30d,-0.01341819534991994,-1.143662136656019,0.25276378169063907,0.0753593937443473,127
GLD,Commodities,implied-vol change,atm_skew_30d,0.016380089090368383,1.3144945567774258,0.1886798286659496,0.11230050117378931,127
GLD,Commodities,implied-vol change,ts_7_30,0.023119682881633432,2.889565379139585,0.003857747782226268,0.2219774629070752,126
GLD,Commodities,implied-vol change,ts_30_91,0.03455663319918275,4.152823825078374,3.28397561332331e-05,0.4998181489425859,127
GLD,Commodities,implied-vol change,ts_30_365,0.03281344558787734,3.200425505758749,0.001372248370032603,0.4506639795982421,127
GLD,Commodities,implied-vol change,vrp_30d,-0.017262246760978185,-1.7761628697706522,0.07570607624307141,0.12472221535894112,127
GLD,Commodities,implied-vol change,atm_30d_pct252,-0.03621362113598874,-4.529731025408894,5.905882436706789e-06,0.6114234890549479,109
GLD,Commodities,implied-vol change,atm_30d_d5,-0.017799901908386817,-2.410692854305555,0.015922250932807493,0.14822966363311008,119
GLD,Commodities,implied-vol change,rr25_30d_d5,0.015028906692970996,1.9625303044951026,0.049700775994508284,0.10567072360375396,119
GLD,Commodities,implied-vol change,mkt_vvix,-0.02022900540197605,-1.6428798842360812,0.10040778776017885,0.17127668001316088,127
GLD,Commodities,implied-vol change,mkt_skew,-0.0021818280052675484,-0.34961146946560845,0.72663030213302,0.0019924626967769976,127
GLD,Commodities,implied-vol change,mkt_move,-0.03156633045156114,-5.142462257927171,2.7116092785247633e-07,0.417058879973471,127
GLD,Commodities,implied-vol change,macro_hy_oas,-0.02440589476809465,-2.322356872643985,0.02021372754433489,0.24930939460052204,127
GLD,Commodities,implied-vol change,macro_nfci,-0.02464192067327079,-1.9143562138085188,0.055574656271707414,0.2541547821181015,127
IWM,US equity indices,excess variance,rr25_30d,0.009279420628657204,0.12929315261688606,0.8971256893783174,0.0005697081309677943,130
IWM,US equity indices,excess variance,bf25_30d,0.13862900227759928,2.6411556035580066,0.008262376216128195,0.12715073947252542,130
IWM,US equity indices,excess variance,atm_skew_30d,0.004711481865233177,0.054634766174614297,0.9564294407096183,0.00014686751366344009,130
IWM,US equity indices,excess variance,ts_7_30,0.038993529731688945,0.6040314935348383,0.5458227040097561,0.010059949358227405,130
IWM,US equity indices,excess variance,ts_30_91,0.02305553898566931,0.41546322180912065,0.6778028333177415,0.0035169099954022176,130
IWM,US equity indices,excess variance,ts_30_365,0.0005480428585306666,0.01140776359359911,0.9908981189711615,1.9871915915015137e-06,130
IWM,US equity indices,excess variance,vrp_30d,0.049734272084063794,0.69733557797447,0.48559280767011515,0.016365234280534935,130
IWM,US equity indices,excess variance,atm_30d_pct252,-0.11568987972643986,-2.7315184253118,0.006304321574596829,0.08652975894233073,111
IWM,US equity indices,excess variance,atm_30d_d5,0.002381825203938589,0.1251540690818142,0.900401578816813,3.892697140006618e-05,122
IWM,US equity indices,excess variance,rr25_30d_d5,0.04144088788309407,0.9872801261406783,0.32350533069119375,0.011783897232116147,122
IWM,US equity indices,excess variance,mkt_vvix,0.009534487878323283,0.14334063142849138,0.8860211678957015,0.000601458181587633,130
IWM,US equity indices,excess variance,mkt_skew,-0.03704358945434889,-0.4718264738348923,0.6370506528124271,0.00907897499093313,130
IWM,US equity indices,excess variance,mkt_move,-0.04708610045342307,-0.7447448318446472,0.45642599137033274,0.0146688526026173,130
IWM,US equity indices,excess variance,macro_hy_oas,0.037895287060773934,0.48027954974099063,0.6310286283183271,0.009501257700593624,130
IWM,US equity indices,excess variance,macro_nfci,0.02758365139330336,0.5088398500518473,0.6108644843216854,0.005034011531230842,130
IWM,US equity indices,forward return,rr25_30d,-0.03055081339924991,-2.883808583881837,0.003928974936681283,0.36017180097764423,130
IWM,US equity indices,forward return,bf25_30d,-0.012227233667189136,-1.0664541923439204,0.28621837537014744,0.05769266169709408,130
IWM,US equity indices,forward return,atm_skew_30d,-0.021300750151148982,-1.7366155981979696,0.08245504441611108,0.17508701914367075,130
IWM,US equity indices,forward return,ts_7_30,-0.02576369652261365,-2.962763402849348,0.0030489082256155934,0.25614182645066985,130
IWM,US equity indices,forward return,ts_30_91,-0.0350777631048231,-4.639766245473723,3.48803492245685e-06,0.47481883036706607,130
IWM,US equity indices,forward return,ts_30_365,-0.035687671420593384,-4.945889701451327,7.579687011474426e-07,0.49147403161831427,130
IWM,US equity indices,forward return,vrp_30d,0.019705373077200092,2.5118208971263534,0.01201100297335292,0.14984197051577297,130
IWM,US equity indices,forward return,atm_30d_pct252,0.027273366220096542,3.3465822146635404,0.0008181441435007277,0.3435845302161027,111
IWM,US equity indices,forward return,atm_30d_d5,-0.0004951709546870559,-0.06850464489868169,0.9453839226699579,0.0001007482794304071,122
IWM,US equity indices,forward return,rr25_30d_d5,0.0022930546653019282,0.49267529034954394,0.6222420397342228,0.0021605092493411915,122
IWM,US equity indices,forward return,mkt_vvix,0.030343982447532235,2.8537558147518567,0.004320572672445661,0.3553115369606463,130
IWM,US equity indices,forward return,mkt_skew,-0.00326509841824715,-0.3887876061943897,0.6974332697999759,0.004113928177640669,130
IWM,US equity indices,forward return,mkt_move,0.031727668177149865,9.241501645422167,2.4306175609158786e-20,0.3884547729124863,130
IWM,US equity indices,forward return,macro_hy_oas,0.032303935390704676,3.8479467505855194,0.00011911193420567391,0.40269386969036947,130
IWM,US equity indices,forward return,macro_nfci,0.04141283837174204,7.3146548774042985,2.580437320186668e-13,0.661811252608766,130
IWM,US equity indices,implied-vol change,rr25_30d,0.020183052402475126,3.089206890091068,0.002006916287671261,0.2839308162943682,127
IWM,US equity indices,implied-vol change,bf25_30d,0.019887297776729304,3.498899197913642,0.0004671831655056157,0.27567056006460233,127
IWM,US equity indices,implied-vol change,atm_skew_30d,0.013056151863185825,1.7033646582490265,0.08849984728031246,0.11881443888605692,127
IWM,US equity indices,implied-vol change,ts_7_30,0.020947603154104773,4.750103643804926,2.0331241871815922e-06,0.3058493141151901,127
IWM,US equity indices,implied-vol change,ts_30_91,0.02394025039927936,4.815451547753216,1.4686739816924869e-06,0.39948107740039684,127
IWM,US equity indices,implied-vol change,ts_30_365,0.022785289608469712,4.188655386243292,2.8061214245067492e-05,0.3618661346209797,127
IWM,US equity indices,implied-vol change,vrp_30d,-0.016901585287914512,-2.3546651996206247,0.018539400956788826,0.19911029599614194,127
IWM,US equity indices,implied-vol change,atm_30d_pct252,-0.023059068587676455,-5.030633062724082,4.888629670116452e-07,0.5699747884883104,109
IWM,US equity indices,implied-vol change,atm_30d_d5,-0.008326756251639755,-2.890297077676736,0.00384877921302933,0.06347235132209605,119
IWM,US equity indices,implied-vol change,rr25_30d_d5,0.0057939990735186905,2.0230496273450633,0.04306803119531987,0.030731922283787072,119
IWM,US equity indices,implied-vol change,mkt_vvix,-0.02004779727554461,-2.9464097978490313,0.0032148616926412498,0.28013808760571224,127
IWM,US equity indices,implied-vol change,mkt_skew,0.0001346040060181185,0.024249710211065884,0.9806534267576138,1.2628588326291101e-05,127
IWM,US equity indices,implied-vol change,mkt_move,-0.02517162399362388,-6.260068499172291,3.848084076676691e-10,0.4416327858206254,127
IWM,US equity indices,implied-vol change,macro_hy_oas,-0.018042919072057424,-2.5746510935903286,0.010034124974776532,0.22690937406948264,127
IWM,US equity indices,implied-vol change,macro_nfci,-0.019852845758882052,-2.845231213676373,0.004437919638370849,0.2747162644449771,127
MSFT,Single stocks,excess variance,rr25_30d,0.237618228452312,2.7779753202815547,0.005469877263199599,0.23291572242442127,134
MSFT,Single stocks,excess variance,bf25_30d,0.22285202903083895,5.022569314607602,5.098478783387627e-07,0.20486722432836524,134
MSFT,Single stocks,excess variance,atm_skew_30d,0.21927099793585084,2.385605607033596,0.017051025969062786,0.19833606129399672,134
MSFT,Single stocks,excess variance,ts_7_30,0.059338464390176454,0.6460504047536657,0.5182467127564805,0.014524858302970234,134
MSFT,Single stocks,excess variance,ts_30_91,-0.04081879131001045,-0.26052330605965224,0.7944601401862097,0.006873209463547192,134
MSFT,Single stocks,excess variance,ts_30_365,-0.05150816837460715,-0.3287962070349661,0.7423097301836551,0.0109443887629046,134
MSFT,Single stocks,excess variance,vrp_30d,0.16765608202637194,1.7769892080672804,0.07557001545630052,0.11595191453588816,134
MSFT,Single stocks,excess variance,atm_30d_pct252,0.023885284445341156,0.15260716902295093,0.8787080711641682,0.002464157028657432,115
MSFT,Single stocks,excess variance,atm_30d_d5,0.008888304897422128,0.10393349893696896,0.9172221227503212,0.0003420077141692568,126
MSFT,Single stocks,excess variance,rr25_30d_d5,-0.02906089371583284,-0.32957179895011485,0.7417235342623412,0.0036560821573130564,126
MSFT,Single stocks,excess variance,mkt_vvix,-0.10947404094692184,-1.3291352723812597,0.18380334512715057,0.04943808007227213,134
MSFT,Single stocks,excess variance,mkt_skew,0.008514323898065463,0.06956998480994807,0.9445359276885703,0.0002990471259658456,134
MSFT,Single stocks,excess variance,mkt_move,0.010784516305596431,0.2306424661580804,0.8175925736986178,0.00047977834384638207,134
MSFT,Single stocks,excess variance,macro_hy_oas,-0.1311306673247672,-1.4991274601456692,0.13384056900929917,0.07093292042340127,134
MSFT,Single stocks,excess variance,macro_nfci,0.011060223599559797,0.12045527649031909,0.904122505805474,0.0005046230824611309,134
MSFT,Single stocks,excess variance,earn_days_to,-0.040271376220104765,-0.2151859440775095,0.8296223492412321,0.006690094320451312,134
MSFT,Single stocks,excess variance,earn_implied_move,-0.006820361249015013,-0.07805761053705694,0.9377822261566864,0.00018772253252408166,130
MSFT,Single stocks,forward return,rr25_30d,0.014152448111177652,0.4099854925112124,0.6818165897380057,0.016738803848755146,134
MSFT,Single stocks,forward return,bf25_30d,-0.008035089436643763,-0.31381426824445996,0.7536621069369102,0.005395636799257697,134
MSFT,Single stocks,forward return,atm_skew_30d,0.013546336031257832,0.40793048467258447,0.6833247112505734,0.01533574811419225,134
MSFT,Single stocks,forward return,ts_7_30,0.01245259452440593,0.5214227070888021,0.602072336599933,0.012959282934585037,134
MSFT,Single stocks,forward return,ts_30_91,-0.06966916511149189,-2.9117627230812952,0.0035939552858593703,0.4056416027095787,134
MSFT,Single stocks,forward return,ts_30_365,-0.06693738460122174,-2.925605074554731,0.0034378705650312765,0.374454243503176,134
MSFT,Single stocks,forward return,vrp_30d,0.03704598412849274,1.9358633256876303,0.05288444251963166,0.11469475296382547,134
MSFT,Single stocks,forward return,atm_30d_pct252,0.052325883860862454,2.3149951743837627,0.02061319616090386,0.23207314284003577,115
MSFT,Single stocks,forward return,atm_30d_d5,0.011863487450876833,0.8386883784854808,0.4016442015296016,0.011888856521257929,126
MSFT,Single stocks,forward return,rr25_30d_d5,0.0004740053581648679,0.02703343845692638,0.978433063739054,1.897937196748689e-05,126
MSFT,Single stocks,forward return,mkt_vvix,0.002190123541182924,0.09188870822816662,0.9267864630328636,0.00040086533712324623,134
MSFT,Single stocks,forward return,mkt_skew,0.018939136563630592,0.7417278241578287,0.45825225813884074,0.02997654864936583,134
MSFT,Single stocks,forward return,mkt_move,0.020432351350607975,1.6516503334132289,0.0986058529318227,0.03488975933237948,134
MSFT,Single stocks,forward return,macro_hy_oas,0.00012761154518485562,0.005119998816725886,0.9959148498410985,1.3609469996511692e-06,134
MSFT,Single stocks,forward return,macro_nfci,0.0075385568236339216,0.46440914188474447,0.6423546415705519,0.0047493885754426035,134
MSFT,Single stocks,forward return,earn_days_to,-0.05980629266443604,-2.362207125545385,0.01816648922431881,0.29892004650814563,134
MSFT,Single stocks,forward return,earn_implied_move,0.01564392084074416,0.6842841979565077,0.4937957233596842,0.020091373844449145,130
MSFT,Single stocks,implied-vol change,rr25_30d,-0.022688706556172767,-0.8737984879578875,0.3822280040350952,0.04710000500698974,131
MSFT,Single stocks,implied-vol change,bf25_30d,0.019396174864441746,1.0412522174193246,0.29775850676094845,0.03442180646506032,131
MSFT,Single stocks,implied-vol change,atm_skew_30d,-0.026536136915066896,-1.0750854241268177,0.28233648463153826,0.06442833014640137,131
MSFT,Single stocks,implied-vol change,ts_7_30,0.0045132492058531,0.2299019657040254,0.818167948827357,0.0018637175965309227,131
MSFT,Single stocks,implied-vol change,ts_30_91,0.09014192018341884,7.094153162624176,1.3014593262431794e-12,0.7434556854993666,131
MSFT,Single stocks,implied-vol change,ts_30_365,0.08492961716361286,5.799933017806239,6.634141375408173e-09,0.6599633368508098,131
MSFT,Single stocks,implied-vol change,vrp_30d,-0.02697043528075463,-1.2768292080487451,0.2016625513165261,0.06655449434734184,131
MSFT,Single stocks,implied-vol change,atm_30d_pct252,-0.058197490836489514,-3.2862361682243533,0.0010153584098327934,0.28821356009773336,113
MSFT,Single stocks,implied-vol change,atm_30d_d5,-0.005615329795458142,-0.45507873817534483,0.649052593687298,0.0027681185346669634,123
MSFT,Single stocks,implied-vol change,rr25_30d_d5,-0.010812176689853726,-0.5510389310783189,0.5816069871991496,0.01026267121578417,123
MSFT,Single stocks,implied-vol change,mkt_vvix,0.010739237839082007,0.6033942962070872,0.546246415760622,0.010552330824420753,131
MSFT,Single stocks,implied-vol change,mkt_skew,-0.011282506932136529,-0.6614181291221922,0.5083442027946747,0.011646962976276543,131
MSFT,Single stocks,implied-vol change,mkt_move,0.013236509474175406,1.2385824920858344,0.21550015514596535,0.016030550129320087,131
MSFT,Single stocks,implied-vol change,macro_hy_oas,0.010938244482358861,0.4850648251685667,0.6276303623944788,0.01094704060859053,131
MSFT,Single stocks,implied-vol change,macro_nfci,0.0038191181653403922,0.18268803200975342,0.8550428067969799,0.0013345279334650018,131
MSFT,Single stocks,implied-vol change,earn_days_to,0.054068646672317075,3.347720543972117,0.0008147912792931141,0.2674807151477484,131
MSFT,Single stocks,implied-vol change,earn_implied_move,-0.019863023088697782,-0.9290164021315114,0.3528805861130589,0.035390441519168814,127
QQQ,US equity indices,excess variance,rr25_30d,0.07171427854609506,0.5468001517723772,0.5845160388097812,0.02688688737629874,134
QQQ,US equity indices,excess variance,bf25_30d,-0.06066755263628621,-0.9418871157545544,0.34625043724923704,0.019241645618016445,134
QQQ,US equity indices,excess variance,atm_skew_30d,0.07637999765170013,0.585311571004502,0.5583382359292475,0.03049920660648786,134
QQQ,US equity indices,excess variance,ts_7_30,0.04083776350102867,0.5197938260124116,0.6032072829782722,0.008718728620912608,134
QQQ,US equity indices,excess variance,ts_30_91,0.026561953352579593,0.2162803573845997,0.8287692192664006,0.003688495686436477,134
QQQ,US equity indices,excess variance,ts_30_365,0.004828210829319996,0.04590415481504394,0.9633866426065296,0.00012187137531893821,134
QQQ,US equity indices,excess variance,vrp_30d,0.08743180159754478,0.8612483907871218,0.3891012533980832,0.039963923177304905,134
QQQ,US equity indices,excess variance,atm_30d_pct252,0.07991059661632995,1.0756161211040012,0.2820989745191557,0.029764083897533156,115
QQQ,US equity indices,excess variance,atm_30d_d5,0.04856490075179407,0.7488003691464713,0.45397753721571804,0.012687867498395677,126
QQQ,US equity indices,excess variance,rr25_30d_d5,-0.0595631730126192,-1.0143177666185297,0.3104311490699412,0.019085312430489276,126
QQQ,US equity indices,excess variance,mkt_vvix,-0.07855618549679196,-0.8438796696970771,0.39873664988092705,0.03226190696868336,134
QQQ,US equity indices,excess variance,mkt_skew,0.04495155762504581,0.43427050897990777,0.664092016730025,0.010563765473911024,134
QQQ,US equity indices,excess variance,mkt_move,-0.06218641084185661,-2.120499485584557,0.03396394486605288,0.02021716446526145,134
QQQ,US equity indices,excess variance,macro_hy_oas,-0.059311448736494014,-0.7314026572739454,0.464533242666626,0.018391041524758678,134
QQQ,US equity indices,excess variance,macro_nfci,0.08224943661452194,0.7715344388512313,0.4403902175166877,0.035366747699483225,134
QQQ,US equity indices,forward return,rr25_30d,-0.01178970013093026,-0.8206968082258632,0.4118189893091879,0.03633383945019564,134
QQQ,US equity indices,forward return,bf25_30d,0.017397231091373765,1.651412497538351,0.09865437464915211,0.07911631290801335,134
QQQ,US equity indices,forward return,atm_skew_30d,-0.011749029449217116,-0.6861628162860879,0.4926104427860422,0.036083591662727676,134
QQQ,US equity indices,forward return,ts_7_30,-0.008774302477031074,-1.4131779352563067,0.15760341249831117,0.020124772441779903,134
QQQ,US equity indices,forward return,ts_30_91,-0.01465523850486927,-1.3684472464347732,0.17117212397358775,0.05614247524577476,134
QQQ,US equity indices,forward return,ts_30_365,-0.010686312218574478,-0.9733793128265756,0.3303648166407913,0.029851179237309067,134
QQQ,US equity indices,forward return,vrp_30d,0.013748105879818267,1.2510763546836576,0.21090662140162314,0.04940734434358596,134
QQQ,US equity indices,forward return,atm_30d_pct252,-0.007029224204007554,-0.4602754212722949,0.6453185409847007,0.013131940821338839,115
QQQ,US equity indices,forward return,atm_30d_d5,-0.0024685746823228756,-0.29405983024238275,0.7687121853251724,0.0016075809073822223,126
QQQ,US equity indices,forward return,rr25_30d_d5,0.011507475001559424,1.2636301177887903,0.2063628182891745,0.03493336155048399,126
QQQ,US equity indices,forward return,mkt_vvix,0.02388702260148689,1.6423839625540995,0.10051045641527184,0.14915225224319328,134
QQQ,US equity indices,forward return,mkt_skew,-0.001962385884498347,-0.20150046537279365,0.8403072655796447,0.0010066409591494851,134
QQQ,US equity indices,forward return,mkt_move,0.03313933243740288,5.8873137608307955,3.925230967693753e-09,0.28707362023906213,134
QQQ,US equity indices,forward return,macro_hy_oas,0.03068700263894388,2.6404396674730797,0.008279853353574769,0.2461584315897336,134
QQQ,US equity indices,forward return,macro_nfci,0.03789368019122612,2.6127362723896788,0.008982058322495243,0.37535252852174306,134
QQQ,US equity indices,implied-vol change,rr25_30d,0.015614871268898376,1.7759895250859141,0.07573464367514124,0.15834784514628708,131
QQQ,US equity indices,implied-vol change,bf25_30d,0.0016164479187389597,0.24103773140392598,0.8095258730526381,0.0016969098636270274,131
QQQ,US equity indices,implied-vol change,atm_skew_30d,0.008516618448817842,0.8694163657832401,0.3846194347769838,0.04710529448772127,131
QQQ,US equity indices,implied-vol change,ts_7_30,0.014807782893591881,3.121995222289629,0.0017962985373414682,0.14240178000391102,131
QQQ,US equity indices,implied-vol change,ts_30_91,0.018871186857306314,3.0792052225311566,0.0020755365418756535,0.23127770608096743,131
QQQ,US equity indices,implied-vol change,ts_30_365,0.01834263352510139,3.166204496556803,0.0015444217665542238,0.2185036619097518,131
QQQ,US equity indices,implied-vol change,vrp_30d,-0.0017438220110714338,-0.21276692909852163,0.8315087598617396,0.001974875179823976,131
QQQ,US equity indices,implied-vol change,atm_30d_pct252,-0.02030249982045119,-3.750347146313906,0.00017658992509767324,0.2899969666102319,113
QQQ,US equity indices,implied-vol change,atm_30d_d5,-0.008796100770247863,-3.517203495823753,0.00043611929187646,0.05357415799220733,123
QQQ,US equity indices,implied-vol change,rr25_30d_d5,0.003614826026632566,0.7710273242308432,0.44069073580076973,0.009047941062182208,123
QQQ,US equity indices,implied-vol change,mkt_vvix,-0.013418549640463892,-2.221007318702381,0.026350465693480835,0.11693553194242279,131
QQQ,US equity indices,implied-vol change,mkt_skew,-0.002010883053073701,-0.29757693162471754,0.7660260832521821,0.002626086151375051,131
QQQ,US equity indices,implied-vol change,mkt_move,-0.018260659332184324,-5.417613710774289,6.039973584947943e-08,0.21655501726914006,131
QQQ,US equity indices,implied-vol change,macro_hy_oas,-0.009400842513666872,-1.4088324984428287,0.1588847030994915,0.057394317501858305,131
QQQ,US equity indices,implied-vol change,macro_nfci,-0.0035724867826340888,-0.43397078425773944,0.6643096568204386,0.008288512612583898,131
SPY,US equity indices,excess variance,rr25_30d,0.019557818785047858,0.5277038290203387,0.5977049152240266,0.0007748281567259152,4029
SPY,US equity indices,excess variance,bf25_30d,-0.08341310178894322,-2.9684085156009474,0.0029934619576812587,0.014093962151936479,4029
SPY,US equity indices,excess variance,atm_skew_30d,0.040025909642993636,1.0650218113309406,0.2868660596125377,0.0032427651984727746,4098
SPY,US equity indices,excess variance,ts_7_30,-0.0607359997445008,-2.2132334299749057,0.02688155645261658,0.007465423264944593,3712
SPY,US equity indices,excess variance,ts_30_91,-0.07844709857955431,-2.275654037975245,0.022866724309767383,0.012464784939236861,4107
SPY,US equity indices,excess variance,ts_30_365,-0.06387763201129032,-1.9159340366364381,0.055373492428267265,0.008288980859220252,4104
SPY,US equity indices,excess variance,vrp_30d,-0.012423848954003768,-0.5463211788988797,0.5848451804990362,0.0003126391376765403,4107
SPY,US equity indices,excess variance,atm_30d_pct252,0.08036052474164758,2.4058175048349275,0.016136323265902683,0.012988839445177591,4069
SPY,US equity indices,excess variance,atm_30d_d5,0.04025717000944001,1.6652792468844069,0.09585705694836115,0.0032734304959395333,4044
SPY,US equity indices,excess variance,rr25_30d_d5,-0.031183164369310613,-1.3210356240023022,0.18648948626296188,0.0019657750064108193,3902
SPY,US equity indices,excess variance,mkt_vvix,-0.02460156919921216,-0.7986235896162891,0.424508705056372,0.0012255000057379561,4099
SPY,US equity indices,excess variance,mkt_skew,-0.008068775219840353,-0.23419517669301831,0.8148334593537412,0.000131421347148164,4046
SPY,US equity indices,excess variance,mkt_move,0.05334316188844245,1.521879972105389,0.1280391583360148,0.0057506492027600276,4025
SPY,US equity indices,excess variance,macro_hy_oas,0.007375597231686245,0.15977448169525174,0.8730587264711058,0.00013215445180037033,678
SPY,US equity indices,excess variance,macro_nfci,0.011205931424057113,0.3670369704674919,0.7135914411507767,0.0002543648530975995,4108
SPY,US equity indices,forward return,rr25_30d,-0.007238476222329213,-2.8841162731570127,0.003925137980241299,0.02768699169407307,4029
SPY,US equity indices,forward return,bf25_30d,-0.001750145746392243,-0.836848908687093,0.4026775018065692,0.001618564086390606,4029
SPY,US equity indices,forward return,atm_skew_30d,-0.00046838416214047625,-0.20641878635681804,0.8364637974193552,0.0001159426568503319,4098
SPY,US equity indices,forward return,ts_7_30,-0.0055334436923491805,-2.2944729070232195,0.02176334955551965,0.016142273768979032,3712
SPY,US equity indices,forward return,ts_30_91,-0.00650951675346688,-2.2466955744209454,0.02465948928531047,0.022426620066542613,4107
SPY,US equity indices,forward return,ts_30_365,-0.00832450576186665,-3.110940439098088,0.0018649255083998516,0.03669069353212984,4104
SPY,US equity indices,forward return,vrp_30d,-0.0021463985575721784,-0.7007435414213875,0.48346307784260567,0.002438299575870939,4107
SPY,US equity indices,forward return,atm_30d_pct252,0.0033895021552900837,1.505603763539094,0.13216892176844544,0.006102015714343323,4069
SPY,US equity indices,forward return,atm_30d_d5,-8.917960716455477e-05,-0.05705562103717675,0.9545008880816379,4.2374890577567825e-06,4044
SPY,US equity indices,forward return,rr25_30d_d5,0.0007653513057076824,0.49130283306464845,0.6232122763933596,0.00031249440161318365,3902
SPY,US equity indices,forward return,mkt_vvix,0.00555843162590808,2.2662134334644954,0.023438318546421963,0.01630183841332622,4107
SPY,US equity indices,forward return,mkt_skew,-0.0027905009855289666,-1.3667872321081642,0.17169200594227405,0.004110449020804596,4054
SPY,US equity indices,forward return,mkt_move,0.0018767951684128237,0.7715622943889993,0.4403737136120836,0.0018412133993503943,4033
SPY,US equity indices,forward return,macro_hy_oas,0.01763170170414862,5.602247642727902,2.1158996094960837e-08,0.23090890860521107,678
SPY,US equity indices,forward return,macro_nfci,0.0053084180209996175,2.2228873786980676,0.026223395049337465,0.014889571576035432,4116
SPY,US equity indices,implied-vol change,rr25_30d,0.01974008097144472,6.216359570924611,5.088213282739754e-10,0.1344686747741317,3972
SPY,US equity indices,implied-vol change,bf25_30d,0.003906277951943422,1.131046761140295,0.2580354104214681,0.00526562043037293,3972
SPY,US equity indices,implied-vol change,atm_skew_30d,0.0034816672556822834,1.2310438518512667,0.21830646367973142,0.00416444480885958,4040
SPY,US equity indices,implied-vol change,ts_7_30,0.017368604343489125,5.48978454028898,4.02424337947103e-08,0.10264755662095337,3658
SPY,US equity indices,implied-vol change,ts_30_91,0.021052684501937403,5.766153455136986,8.110121956605487e-09,0.15251522982355348,4049
SPY,US equity indices,implied-vol change,ts_30_365,0.023034651709438976,7.5693213936246275,3.7517889710740624e-14,0.18258377111127366,4046
SPY,US equity indices,implied-vol change,vrp_30d,0.00471482305500578,0.9400291115594567,0.34720262832288995,0.007649429498950089,4049
SPY,US equity indices,implied-vol change,atm_30d_pct252,-0.014906263521119902,-5.86568043864448,4.47294538788525e-09,0.07636201647399277,4012
SPY,US equity indices,implied-vol change,atm_30d_d5,-0.007703549773892894,-3.5652799613983164,0.0003634679949367768,0.020536467726656182,3989
SPY,US equity indices,implied-vol change,rr25_30d_d5,0.006198590817215078,3.7973928907822385,0.00014622592671981985,0.013369285937153585,3848
SPY,US equity indices,implied-vol change,mkt_vvix,-0.015397680300826366,-4.181348519964245,2.897852817754026e-05,0.08180174615257796,4028
SPY,US equity indices,implied-vol change,mkt_skew,0.007918327719089574,3.6980566170968734,0.00021725643744216326,0.021533449975514762,3975
SPY,US equity indices,implied-vol change,mkt_move,-0.008313550891476477,-3.453031911730687,0.0005543234223543346,0.02356481087650153,3954
SPY,US equity indices,implied-vol change,macro_hy_oas,-0.014458910224797793,-2.9469845612102765,0.0032088922412458506,0.1298325471681412,639
SPY,US equity indices,implied-vol change,macro_nfci,-0.012559273781994831,-3.8899140050328853,0.00010027975172777041,0.054278433455997366,4049
TSLA,Single stocks,excess variance,rr25_30d,0.15823954980580085,4.217098162421078,2.474662674747913e-05,0.1699514534326032,130
TSLA,Single stocks,excess variance,bf25_30d,0.08661061478079136,1.5186491490261387,0.12885083272230022,0.050913980083210464,130
TSLA,Single stocks,excess variance,atm_skew_30d,0.15233667448514124,4.089974871450958,4.314199268458822e-05,0.15750840986339643,130
TSLA,Single stocks,excess variance,ts_7_30,0.012336095619951932,0.23282809918499253,0.8158948924649356,0.0010328809314362752,130
TSLA,Single stocks,excess variance,ts_30_91,0.02177873327313218,0.19896859765720493,0.8422873088833979,0.0032192895351009776,130
TSLA,Single stocks,excess variance,ts_30_365,0.0035981686161435135,0.038938047582287416,0.9689397819743568,8.787348047156751e-05,130
TSLA,Single stocks,excess variance,vrp_30d,-0.09250308606232956,-1.214178863336148,0.2246794300062508,0.058077411175417426,130
TSLA,Single stocks,excess variance,atm_30d_pct252,-0.0019029855402342044,-0.02359303515880309,0.9811772277445663,2.428613111604694e-05,111
TSLA,Single stocks,excess variance,atm_30d_d5,-0.0017118911182298704,-0.03497112949777616,0.9721027621092799,2.022033208504137e-05,122
TSLA,Single stocks,excess variance,rr25_30d_d5,-0.06555568201128718,-1.0276267751644337,0.30412542431916273,0.02965218400014591,122
TSLA,Single stocks,excess variance,mkt_vvix,-0.19366203295283463,-3.7185445548722975,0.0002003739535801571,0.2545562583113158,130
TSLA,Single stocks,excess variance,mkt_skew,-0.02540420182555869,-0.4232861261555033,0.6720865154269664,0.004380320764424739,130
TSLA,Single stocks,excess variance,mkt_move,-0.12953473199765086,-1.9555244165058316,0.0505212043323587,0.11388519440847789,130
TSLA,Single stocks,excess variance,macro_hy_oas,-0.19431741990575474,-3.270356711702314,0.0010741194345178923,0.2562821014622322,130
TSLA,Single stocks,excess variance,macro_nfci,-0.11650267139703101,-1.959943149817049,0.050002435423405954,0.0921226820140777,130
TSLA,Single stocks,excess variance,earn_days_to,-0.08259825343199319,-0.7044448386275769,0.48115579075165527,0.04630592178908888,130
TSLA,Single stocks,excess variance,earn_implied_move,-0.02869172423163792,-0.26618762608870167,0.7900947123067528,0.005707216249159597,116
TSLA,Single stocks,forward return,rr25_30d,-0.005112191680180609,-0.29491164645751844,0.7680613748387608,0.0017984414448015684,130
TSLA,Single stocks,forward return,bf25_30d,-0.025022862597265015,-1.7940673505443636,0.07280241952615724,0.04308796925570313,130
TSLA,Single stocks,forward return,atm_skew_30d,-0.004883569713275016,-0.28977722537934064,0.7719866721829609,0.0016411823102479017,130
TSLA,Single stocks,forward return,ts_7_30,-0.009446005784127227,-0.5746188500428199,0.5655491007328741,0.006140142611116728,130
TSLA,Single stocks,forward return,ts_30_91,0.012733537182823445,0.3640066271559185,0.7158530606300305,0.011157840924758688,130
TSLA,Single stocks,forward return,ts_30_365,0.021096004490072477,0.8188760917125937,0.41285711181885193,0.03062544883571916,130
TSLA,Single stocks,forward return,vrp_30d,-0.024969467785867484,-1.067098271563828,0.28592746226465404,0.04290427969207511,130
TSLA,Single stocks,forward return,atm_30d_pct252,-0.044834851066793094,-2.0595981916943393,0.039436969252004836,0.12984504479568215,111
TSLA,Single stocks,forward return,atm_30d_d5,-0.04227218985543258,-3.186083570524457,0.0014421293321056341,0.12086115780656881,122
TSLA,Single stocks,forward return,rr25_30d_d5,0.02761053432239538,1.3726052004428695,0.16987511432583757,0.0515616587030282,122
TSLA,Single stocks,forward return,mkt_vvix,0.006913761344180534,0.2700885218919367,0.7870921522847838,0.0032893554940295333,130
TSLA,Single stocks,forward return,mkt_skew,-0.034427124370855794,-1.8047321497961004,0.07111660633947603,0.08156118758664133,130
TSLA,Single stocks,forward return,mkt_move,0.022689093999126848,1.14232772030223,0.25331782300237815,0.03542552968573298,130
TSLA,Single stocks,forward return,macro_hy_oas,0.014820772089914471,0.6779315911313472,0.4978150686096797,0.01511554120674019,130
TSLA,Single stocks,forward return,macro_nfci,0.013355961245683251,0.41347247112901636,0.6792604876274406,0.012275306486365989,130
TSLA,Single stocks,forward return,earn_days_to,0.04524181208971237,1.3149125933261776,0.18853927986398036,0.14085167858589998,130
TSLA,Single stocks,forward return,earn_implied_move,0.0365520198329816,1.203513546788212,0.22877765229865143,0.10020590456815548,116
TSLA,Single stocks,implied-vol change,rr25_30d,0.00966331830438617,1.026079551256662,0.30485408817331294,0.036673626274885684,127
TSLA,Single stocks,implied-vol change,bf25_30d,0.01736727612750399,2.1403854068910264,0.032323632886552794,0.11845808382099154,127
TSLA,Single stocks,implied-vol change,atm_skew_30d,0.008125023412457435,0.8754827104473618,0.3813113135949056,0.025926896067391403,127
TSLA,Single stocks,implied-vol change,ts_7_30,0.010721349957868163,1.1018794503440466,0.2705140835721495,0.04514401991593042,127
TSLA,Single stocks,implied-vol change,ts_30_91,0.037983588812363,6.657574291522047,2.7838370195212373e-11,0.5666217960263926,127
TSLA,Single stocks,implied-vol change,ts_30_365,0.04174559170001696,7.922645951422053,2.3250892089773923e-15,0.6844197397292402,127
TSLA,Single stocks,implied-vol change,vrp_30d,0.01293747831342739,1.2666964329651558,0.2052638559589795,0.06573558832941195,127
TSLA,Single stocks,implied-vol change,atm_30d_pct252,-0.035972718287952,-5.440985710707499,5.2986564677578504e-08,0.50899454503279,109
TSLA,Single stocks,implied-vol change,atm_30d_d5,-0.014080563228526622,-2.377728809953864,0.0174196318567811,0.0790056090472695,119
TSLA,Single stocks,implied-vol change,rr25_30d_d5,-0.0018894221930988867,-0.5148892162796038,0.6066304368582103,0.0014225773696050492,119
TSLA,Single stocks,implied-vol change,mkt_vvix,-0.009574220665978508,-0.9601326939251719,0.33698843583659344,0.03600046830794623,127
TSLA,Single stocks,implied-vol change,mkt_skew,-0.003915021441929011,-0.4748483361899296,0.6348950777941281,0.006019626903144615,127
TSLA,Single stocks,implied-vol change,mkt_move,-0.01742060717372418,-3.4220319531280117,0.0006215500865514867,0.1191867177537359,127
TSLA,Single stocks,implied-vol change,macro_hy_oas,-0.006675305433147025,-0.5844648679218994,0.5589075951728225,0.017500222420998468,127
TSLA,Single stocks,implied-vol change,macro_nfci,-0.007296538344596805,-0.7368994298276546,0.46118351080554243,0.020909084742971484,127
TSLA,Single stocks,implied-vol change,earn_days_to,0.01994624931558927,2.3151928161833517,0.020602382233797366,0.1562513473236915,127
TSLA,Single stocks,implied-vol change,earn_implied_move,0.019909430025048122,2.956667770185387,0.003109829979749114,0.16561728707128542,113
XLF,Sectors,excess variance,atm_skew_30d,0.15442781768146777,2.9998832681469914,0.002700830920203174,0.15249968789279145,109
XLF,Sectors,excess variance,ts_30_91,0.18048713262447705,4.3754913935912105,1.2115922275083222e-05,0.21020565877758168,110
XLF,Sectors,excess variance,ts_30_365,0.17552670803266077,4.357435302920701,1.3159537954873397e-05,0.1970155142700326,108
XLF,Sectors,excess variance,vrp_30d,0.02707044068748493,0.32036894045047376,0.7486886676825366,0.004728708729839215,110
XLF,Sectors,excess variance,mkt_vvix,-0.18661151958068403,-3.6981664165533417,0.00021716250224842988,0.22471331731529232,110
XLF,Sectors,excess variance,mkt_skew,-0.02049251866355358,-0.42345759557400187,0.6719614306512725,0.0027098333971242727,110
XLF,Sectors,excess variance,mkt_move,-0.10895521821803997,-2.3202048448620265,0.020329798641805938,0.07660338871627892,110
XLF,Sectors,excess variance,macro_hy_oas,-0.19810229140158853,-3.654382580405867,0.0002578016117949505,0.2532391867772359,110
XLF,Sectors,excess variance,macro_nfci,-0.23886097293894065,-3.4328649021008832,0.0005972396089200895,0.368164836193719,110
XLF,Sectors,forward return,atm_skew_30d,-0.0007340501455329011,-0.08682443338329497,0.9308110659284753,0.00035718485590974236,109
XLF,Sectors,forward return,ts_30_91,-0.011411179799115746,-1.71942352611122,0.08553728148495006,0.08708770323073267,110
XLF,Sectors,forward return,ts_30_365,-0.009131725002302932,-1.2703146157788128,0.2039725839815965,0.055544757361891905,108
XLF,Sectors,forward return,vrp_30d,0.016678772612828435,2.999681101729529,0.002702624033335837,0.1860475331731104,110
XLF,Sectors,forward return,mkt_vvix,0.011556397349892491,1.2356572612822525,0.21658599030922668,0.07810069039535739,126
XLF,Sectors,forward return,mkt_skew,-0.00611780602156983,-0.9859892591856123,0.32413838357726177,0.021887761419114082,126
XLF,Sectors,forward return,mkt_move,0.013351763849238992,2.3524083985737887,0.018652283236341608,0.10425267945270544,126
XLF,Sectors,forward return,macro_hy_oas,0.011224775100117037,1.2477391221288634,0.21212660930864655,0.07368265008722352,126
XLF,Sectors,forward return,macro_nfci,0.020854446130978227,2.0628440638730843,0.03912744601333315,0.254335662785361,126
